paper_id	0	1	2	3	4	decision
"https://openreview.net/forum?id=yBziKkZQNv4
"	Weak Reject	Strong Reject	Weak Accept	Weak Accept		
"https://openreview.net/forum?id=ViMZd3hBrMt
"	Weak Reject	Weak Accept	Weak Accept	Weak Reject		
"https://openreview.net/forum?id=j2ug4tTZS1_
"	Weak Reject	Weak Accept	Weak Accept	Weak Reject		
"https://openreview.net/forum?id=aQnn9cIVTRJ
"	Weak Reject	Strong Reject	Strong Accept	Weak Reject	Strong Accept	
"https://openreview.net/forum?id=zNB_UVj5oKQ
"	Weak Accept	Strong Accept	Weak Accept	Weak Accept		
"https://openreview.net/forum?id=nKwW6EwqVSU
"	Weak Accept	Weak Reject	Weak Reject	Weak Reject		
"https://openreview.net/forum?id=tJE1Yyi8fUX
"	Weak Reject	Weak Accept	Weak Accept	Weak Reject		
"https://openreview.net/forum?id=uECYlJtfRl8
"	Weak Accept	Strong Reject	Strong Reject	Weak Accept		
"https://openreview.net/forum?id=oLLOSt3zV4
"	Weak Accept	Weak Reject	Weak Accept			
"https://openreview.net/forum?id=Bio9ECFTPwo
"	Weak Accept	Weak Reject	Strong Reject	Strong Reject		
"https://openreview.net/forum?id=lSPhZbpqPVB
"	Strong Reject	Weak Accept	Strong Reject			
"https://openreview.net/forum?id=PZiKO7mjC43
"	Strong Accept	Weak Reject	Strong Reject	Weak Accept		
"https://openreview.net/forum?id=sK2aWU7X9b8
"	Strong Accept	Weak Accept	Weak Accept	Weak Accept		
"https://openreview.net/forum?id=X6CjiTWVRVr
"	Weak Reject	Weak Reject	Weak Accept	Strong Accept		
"https://openreview.net/forum?id=lV-rNbXVSaO
"	Weak Accept	Weak Reject	Weak Accept			
"https://openreview.net/forum?id=_8DoIe8G3t
"	Strong Accept	Weak Reject	Strong Accept	Strong Accept		
"https://openreview.net/forum?id=UAA5bNospA0
"	Weak Reject	Weak Accept	Strong Accept	Weak Reject		
"https://openreview.net/forum?id=AQuW-MqjLJ6
"	Weak Reject	Weak Reject	Weak Reject	Weak Accept		
"https://openreview.net/forum?id=cF1dxVGxic-
"	Weak Accept	Strong Reject	Strong Accept	Weak Reject		
"https://openreview.net/forum?id=diUiv7K_fNX
"	Weak Reject	Weak Accept	Weak Reject	Strong Reject		
"https://openreview.net/forum?id=52uzsIGV32_
"	Weak Accept	Strong Reject	Weak Accept	Strong Accept		
"https://openreview.net/forum?id=A12nd105kFr
"	Weak Reject	Weak Reject	Weak Accept	Weak Reject		
"https://openreview.net/forum?id=MQegnKN-2BT
"	Weak Reject	Weak Accept	Weak Reject	Weak Reject		
"https://openreview.net/forum?id=d-JYso87y6s
"	Strong Accept	Weak Accept	Weak Accept	Strong Accept		
"https://openreview.net/forum?id=Rpm6sH2b7ds
"	Strong Reject	Weak Reject	Weak Reject	Strong Reject		
"https://openreview.net/forum?id=4nt6RUGmILw
"	Strong Accept	Weak Accept	Weak Accept	Weak Reject		
"https://openreview.net/forum?id=Q-gbWPnITUS
"	Weak Accept	Strong Reject	Weak Reject	Strong Reject		
"https://openreview.net/forum?id=0GfCsQ844u3
"	Weak Reject	Weak Reject	Strong Reject	Weak Accept		
"https://openreview.net/forum?id=sKtFu9geVmu
"	Weak Reject	Strong Reject	Weak Reject	Strong Reject		
"https://openreview.net/forum?id=VMiZGhgSVN
"	Weak Reject	Strong Reject	Weak Reject	Weak Reject		
"https://openreview.net/forum?id=BNnbRxg40mP
"	Weak Accept	Weak Reject	Weak Reject	Strong Reject		
"https://openreview.net/forum?id=ED0G14V3WeH
"	Weak Reject	Weak Accept	Weak Reject	Weak Accept		
"https://openreview.net/forum?id=mRNGQ3sz6OV
"	Strong Reject	Weak Accept	Weak Accept			
"https://openreview.net/forum?id=c-i-GknS78Z
"	Weak Accept	Strong Reject	Weak Reject	Strong Reject		
"https://openreview.net/forum?id=rtYYwFKuz6b
"	Strong Reject	Strong Reject	Weak Reject	Weak Reject		
"https://openreview.net/forum?id=GhPIjzrjgAs
"	Weak Accept	Weak Reject	Weak Accept	Weak Reject		
"https://openreview.net/forum?id=OIaJRUo5UXy
"	Weak Reject	Weak Accept	Weak Accept	Strong Accept		
"https://openreview.net/forum?id=r6HYrkpPeHo
"	Weak Reject	Strong Reject	Weak Reject	Weak Reject		
"https://openreview.net/forum?id=_tMxvPbOcHP
"	Weak Accept	Weak Accept	Weak Reject	Weak Reject		
"https://openreview.net/forum?id=NEGjAH7p0fm
"	Weak Accept	Weak Accept	Weak Accept	Weak Accept		
"https://openreview.net/forum?id=7IgMwgROd1F
"	Weak Reject	Weak Reject	Weak Accept	Strong Reject		
"https://openreview.net/forum?id=Vb9gk7SIkDB
"	Weak Reject	Weak Accept	Strong Reject	Weak Accept		
"https://openreview.net/forum?id=wCEsqnWEehx
"	Strong Reject	Weak Reject	Weak Accept	Weak Reject		
"https://openreview.net/forum?id=txGMEx8cs2v
"	Strong Reject	Weak Reject	Strong Reject			
"https://openreview.net/forum?id=3CQ3Vt0v99
"	Weak Accept	Weak Reject	Strong Accept	Weak Reject		
"https://openreview.net/forum?id=2CSj965d9O4
"	Weak Accept	Weak Accept	Weak Reject	Weak Reject		
"https://openreview.net/forum?id=1BzbtWapKXL
"	Weak Reject	Weak Reject	Weak Accept	Weak Reject		
"https://openreview.net/forum?id=6WnwNP0H8f
"	Weak Reject	Strong Accept	Weak Reject	Weak Accept		
"https://openreview.net/forum?id=9-YoeChGApj
"	Strong Reject	Weak Reject	Weak Reject	Strong Reject		
"https://openreview.net/forum?id=jMNrVRhAn68
"	Strong Reject	Weak Reject	Strong Reject	Weak Reject	Weak Reject	
"https://openreview.net/forum?id=BxHcg_Zlpxj
"	Weak Reject	Strong Reject	Weak Reject	Weak Reject		
"https://openreview.net/forum?id=_u4m5aEbWfU
"	Weak Accept	Weak Accept	Strong Reject	Strong Accept		
"https://openreview.net/forum?id=EVFrjBgYsPZ
"	Weak Accept	Strong Accept	Weak Accept	Strong Accept		
"https://openreview.net/forum?id=WJbw_C-pCox
"	Weak Reject	Weak Accept	Weak Reject	Weak Accept		
"https://openreview.net/forum?id=2FMkRIn8txD
"	Strong Reject	Weak Reject	Weak Reject	Weak Reject		
"https://openreview.net/forum?id=6BIffCl6gsM
"	Weak Accept	Strong Accept	Weak Accept	Strong Accept		
"https://openreview.net/forum?id=cEnQAEqgxrJ
"	Weak Reject	Weak Reject	Weak Reject	Weak Accept		
"https://openreview.net/forum?id=Z8mqodASTQd
"	Weak Accept	Weak Reject	Weak Reject			
"https://openreview.net/forum?id=N78I92JIqOJ
"	Weak Accept	Weak Accept	Weak Accept			
"https://openreview.net/forum?id=4g3PwAp5nsX
"	Weak Reject	Weak Accept	Weak Accept	Weak Accept		
"https://openreview.net/forum?id=Re3NjSwf0WF
"	Strong Accept	Weak Accept	Strong Accept	Strong Accept		
"https://openreview.net/forum?id=D2MErf_j4y8
"	Weak Reject	Weak Reject	Weak Reject	Weak Reject		
"https://openreview.net/forum?id=UCoP4FIccWE
"	Weak Reject	Weak Accept	Weak Reject	Weak Accept		
"https://openreview.net/forum?id=fnaMlJbRc4t
"	Weak Accept	Weak Reject	Weak Reject	Weak Accept		
"https://openreview.net/forum?id=PAFEQQtDf8s
"	Weak Accept	Weak Reject	Weak Reject	Weak Reject		
"https://openreview.net/forum?id=bdHkMjBJG_w
"	Weak Accept	Weak Accept	Strong Accept	Strong Accept		
"https://openreview.net/forum?id=2LohJ1UAiFp
"	Weak Reject	Weak Accept	Weak Reject	Weak Reject		
"https://openreview.net/forum?id=nuAGobCwb8V
"	Weak Accept	Weak Reject	Weak Accept	Weak Accept		
"https://openreview.net/forum?id=NTKoGViowJ
"	Weak Reject	Weak Accept	Strong Reject	Weak Accept		
"https://openreview.net/forum?id=xrjW0Q0ZlDy
"	Weak Accept	Weak Reject	Weak Reject			
"https://openreview.net/forum?id=1NncjjJ-p-0
"	Weak Reject	Weak Reject	Strong Reject	Weak Reject		
"https://openreview.net/forum?id=YmJi0bTfeNX
"	Weak Reject	Weak Reject	Weak Accept	Strong Accept		
"https://openreview.net/forum?id=aO8tyqsXMe3
"	Weak Accept	Weak Reject	Weak Reject			
"https://openreview.net/forum?id=MmOGHzv-w8I
"	Weak Reject	Strong Reject	Weak Reject	Strong Accept		
"https://openreview.net/forum?id=8y_9hS60lrx
"	Weak Reject	Weak Reject	Weak Reject			
"https://openreview.net/forum?id=OzP68WT3UA
"	Strong Accept	Weak Reject	Weak Accept			
"https://openreview.net/forum?id=qr0wqg8NqkL
"	Weak Reject	Strong Reject	Strong Accept	Strong Accept		
"https://openreview.net/forum?id=3qZpAyc5DWy
"	Weak Reject	Strong Reject	Strong Reject			
"https://openreview.net/forum?id=er4LhQ6YxAi
"	Weak Reject	Weak Reject	Weak Reject	Strong Reject		
"https://openreview.net/forum?id=H6rr_CGzV9y
"	Strong Reject	Weak Accept	Weak Reject	Weak Accept		
"https://openreview.net/forum?id=awciQcCEGJs
"	Strong Accept	Weak Reject	Strong Accept	Weak Reject		
"https://openreview.net/forum?id=WEqNuTRXoyG
"	Strong Reject	Weak Reject	Weak Reject			
"https://openreview.net/forum?id=0nb97NQypbK
"	Weak Reject	Weak Reject	Weak Accept	Weak Reject		
"https://openreview.net/forum?id=bU9zUJYLXng
"	Weak Reject	Weak Accept	Weak Accept	Strong Reject		
"https://openreview.net/forum?id=XdHFdUW1Bc
"	Weak Reject	Weak Reject	Strong Reject	Weak Accept		
"https://openreview.net/forum?id=X_qYPtJLaX8
"	Weak Accept	Weak Reject	Weak Accept			
"https://openreview.net/forum?id=rd22nABavrU
"	Strong Reject	Strong Reject	Weak Reject	Strong Reject		
"https://openreview.net/forum?id=Lvbxyqr7XJ_
"	Weak Reject	Strong Reject	Weak Reject			
"https://openreview.net/forum?id=Ldd1PDs2sXt
"	Weak Reject	Weak Reject	Weak Accept	Weak Accept		
"https://openreview.net/forum?id=zLZDYTTVyyj
"	Weak Reject	Weak Accept	Strong Accept	Weak Accept		
"https://openreview.net/forum?id=U1zai41Mwy
"	Weak Reject	Weak Reject	Weak Reject	Weak Accept		
"https://openreview.net/forum?id=UAgZGRXmnuT
"	Strong Reject	Weak Accept	Weak Accept	Strong Reject		
"https://openreview.net/forum?id=DJGgdHAlnTZ
"	Weak Reject	Weak Reject	Strong Accept	Weak Reject		
"https://openreview.net/forum?id=C9A8RB8OEk
"	Weak Reject	Weak Accept	Weak Reject	Weak Accept		
"https://openreview.net/forum?id=4ffLQu_O-Dl
"	Weak Accept	Weak Accept	Weak Reject	Weak Reject		
"https://openreview.net/forum?id=11JIh7nS2a6
"	Weak Reject	Weak Reject	Weak Reject	Weak Accept		
"https://openreview.net/forum?id=eiiubwlhv3U
"	Weak Reject	Weak Reject	Weak Reject	Strong Reject		
"https://openreview.net/forum?id=Onwkc1WVb_
"	Strong Reject	Weak Reject	Weak Reject	Strong Accept		
"https://openreview.net/forum?id=MIItPXLNJr
"	Strong Reject	Weak Reject	Strong Reject	Strong Reject		
"https://openreview.net/forum?id=izFBwcgVL_n
"	Weak Accept	Weak Reject	Weak Reject	Weak Reject		
"https://openreview.net/forum?id=BgH0KHOJ589
"	Weak Reject	Weak Accept	Weak Accept	Weak Reject		
"https://openreview.net/forum?id=TGUp8EaCGj9
"	Weak Accept	Weak Accept	Weak Reject	Weak Reject		
"https://openreview.net/forum?id=qzMY915hCYX
"	Weak Accept	Strong Accept	Weak Reject			
"https://openreview.net/forum?id=fuvyEJsaR_i
"	Weak Accept	Strong Reject	Weak Reject	Strong Reject		
"https://openreview.net/forum?id=vwUVQOUsXEf
"	Weak Reject	Weak Accept	Weak Accept	Weak Reject		
"https://openreview.net/forum?id=ZAbh4Zp0Blt
"	Weak Reject	Weak Reject	Weak Reject	Weak Accept		
"https://openreview.net/forum?id=r4SbZZP_Hh
"	Weak Reject	Weak Accept	Strong Reject	Weak Accept		
"https://openreview.net/forum?id=8-8e18idYLD
"	Weak Accept	Weak Accept	Strong Reject	Weak Accept		
"https://openreview.net/forum?id=beRIdsDHH0_
"	Weak Reject	Weak Reject	Weak Reject	Weak Reject		
"https://openreview.net/forum?id=esOrVR_8-rc
"	Weak Accept	Weak Accept	Strong Accept			
"https://openreview.net/forum?id=BBoCqovVFMV
"	Weak Reject	Weak Reject	Weak Reject	Weak Reject		
"https://openreview.net/forum?id=y1t0c5eUk2w
"	Weak Accept	Weak Accept	Weak Reject	Weak Reject	Weak Reject	
"https://openreview.net/forum?id=z_hPo2Fu9A3
"	Strong Accept	Weak Accept	Weak Accept	Weak Accept		
"https://openreview.net/forum?id=AmPeAFzU3a4
"	Weak Reject	Weak Accept	Strong Accept			
"https://openreview.net/forum?id=dA71Ed5fWPo
"	Weak Accept	Weak Reject	Strong Reject	Weak Reject		
"https://openreview.net/forum?id=5AmeobBmCKq
"	Strong Reject	Strong Reject	Strong Reject	Strong Reject		
"https://openreview.net/forum?id=_AnTKgLhvbN
"	Weak Reject	Weak Reject	Weak Accept	Weak Accept		
"https://openreview.net/forum?id=enetAUTCEwG
"	Weak Reject	Weak Reject	Weak Reject	Weak Reject		
"https://openreview.net/forum?id=tjkf_KWK9oO
"	Weak Accept	Weak Reject	Weak Reject	Weak Reject		
"https://openreview.net/forum?id=EuobUFrnMOY
"	Weak Reject	Weak Reject	Weak Reject			
"https://openreview.net/forum?id=O6h8da_QfqQ
"	Weak Reject	Weak Accept	Weak Reject	Weak Reject		
"https://openreview.net/forum?id=Rlezb9xHc6V
"	Weak Reject	Weak Reject	Weak Reject	Strong Reject		
"https://openreview.net/forum?id=62RfxNv48nx
"	Weak Reject	Weak Accept	Strong Reject	Weak Reject		
"https://openreview.net/forum?id=GX1eUhuvCvZ
"	Weak Accept	Weak Reject	Weak Accept			
"https://openreview.net/forum?id=GdkdB7iaiJu
"	Weak Reject	Weak Accept	Weak Reject	Weak Accept		
"https://openreview.net/forum?id=o8dLx8OVcNk
"	Weak Accept	Weak Reject	Weak Accept	Weak Accept		
"https://openreview.net/forum?id=2cEjfernc5P
"	Weak Reject	Strong Accept	Weak Accept	Weak Reject		
"https://openreview.net/forum?id=tyxyBj2w4vw
"	Strong Accept	Weak Accept	Weak Accept	Weak Reject		
"https://openreview.net/forum?id=VD0nXUG5Qk
"	Weak Reject	Strong Accept	Weak Accept			
"https://openreview.net/forum?id=mqry_xMzvCM
"	Weak Accept	Strong Accept	Strong Accept	Weak Reject		
"https://openreview.net/forum?id=hf5JV2spWUj
"	Strong Reject	Weak Accept	Strong Reject			
"https://openreview.net/forum?id=h5g_VDJJfbt
"	Weak Reject	Weak Accept	Weak Reject			
"https://openreview.net/forum?id=QSUsBMuw0uV
"	Weak Reject	Weak Accept	Weak Accept	Weak Reject		
"https://openreview.net/forum?id=pn-HOPBioUE
"	Weak Reject	Weak Reject	Weak Reject	Weak Accept		
"https://openreview.net/forum?id=niys1Zt1blq
"	Strong Reject	Weak Reject	Strong Accept			
"https://openreview.net/forum?id=oud6xgdpqVM
"	Strong Accept	Weak Accept	Weak Accept	Weak Accept		
"https://openreview.net/forum?id=b88HF4vd_ej
"	Weak Accept	Weak Accept	Strong Reject	Weak Reject		
"https://openreview.net/forum?id=hwmIK_UXmAc
"	Weak Reject	Weak Accept	Strong Reject	Weak Accept		
"https://openreview.net/forum?id=S8JzIb-T9sm
"	Weak Reject	Weak Reject	Weak Reject	Weak Accept		
"https://openreview.net/forum?id=coDJGU58_5A
"	Strong Reject	Weak Accept	Weak Reject	Weak Accept		
"https://openreview.net/forum?id=5bmvOmDljGh
"	Weak Reject	Weak Reject	Strong Reject			
"https://openreview.net/forum?id=6EBpxgNAXOA
"	Weak Accept	Weak Accept	Weak Reject	Weak Reject		
"https://openreview.net/forum?id=fF8Yk4enKVR
"	Weak Reject	Strong Accept	Weak Reject			
"https://openreview.net/forum?id=8ktEdb5NHEh
"	Weak Accept	Weak Accept	Weak Accept			
"https://openreview.net/forum?id=CPK96uGbON
"	Weak Reject	Weak Reject	Weak Reject			
"https://openreview.net/forum?id=flrzXLl43n
"	Weak Reject	Weak Reject	Weak Accept	Weak Reject		
"https://openreview.net/forum?id=GYn6WgTKlP
"	Weak Accept	Weak Reject	Weak Accept	Weak Reject		
"https://openreview.net/forum?id=iCz4DSngQz1
"	Strong Reject	Strong Reject	Strong Reject	Strong Reject		
"https://openreview.net/forum?id=DE8rdNuGj_7
"	Strong Accept	Weak Accept	Strong Accept	Strong Reject	Weak Accept	
"https://openreview.net/forum?id=L8hCfhPbFho
"	Weak Reject	Weak Accept	Weak Reject	Strong Accept		
"https://openreview.net/forum?id=uUxDTZK3o3X
"	Strong Accept	Weak Reject	Strong Reject			
"https://openreview.net/forum?id=NanNxv92Uih
"	Weak Reject	Weak Reject	Weak Accept	Weak Reject		
"https://openreview.net/forum?id=Q7FmXh5BtJU
"	Weak Reject	Weak Reject	Weak Reject			
"https://openreview.net/forum?id=6gEyD5zg0dt
"	Weak Reject	Strong Accept	Strong Reject	Weak Accept		
"https://openreview.net/forum?id=yTkTdat9MkD
"	Weak Accept	Weak Accept	Weak Reject	Weak Reject		
"https://openreview.net/forum?id=rMgavY94Ajq
"	Weak Accept	Weak Reject	Weak Reject			
"https://openreview.net/forum?id=jTh3rdEF3LH
"	Weak Accept	Strong Reject	Weak Reject	Weak Accept		
"https://openreview.net/forum?id=Go64YOmGwxM
"	Weak Accept	Weak Reject	Weak Accept	Weak Accept		
"https://openreview.net/forum?id=ZezSmJq06Ep
"	Weak Reject	Weak Accept	Weak Accept	Weak Reject		
"https://openreview.net/forum?id=Wx68b_DE0Ea
"	Weak Accept	Weak Accept	Strong Reject			
"https://openreview.net/forum?id=2ngf83qUvZI
"	Strong Reject	Weak Reject	Weak Reject	Weak Reject		
"https://openreview.net/forum?id=QFYq0VwBCLE
"	Weak Accept	Strong Accept	Weak Reject	Weak Reject		
"https://openreview.net/forum?id=3RBY8fKjHeu
"	Weak Accept	Weak Reject	Weak Accept	Weak Reject	Weak Accept	
"https://openreview.net/forum?id=v6cOjNVYCDv
"	Weak Reject	Strong Reject	Weak Reject	Strong Reject		
"https://openreview.net/forum?id=th7GW868Pok
"	Weak Reject	Weak Reject	Weak Reject	Strong Accept		
"https://openreview.net/forum?id=8FguiDqxR2
"	Weak Accept	Weak Accept	Weak Reject			
"https://openreview.net/forum?id=23HuN9DBry
"	Strong Reject	Weak Reject	Weak Reject	Weak Accept		
"https://openreview.net/forum?id=-iorhu6x9OT
"	Weak Reject	Weak Reject	Weak Reject	Weak Reject		
"https://openreview.net/forum?id=nZptDpYqJbq
"	Weak Reject	Weak Reject	Weak Reject	Weak Accept		
"https://openreview.net/forum?id=3K-TEwmcuiv
"	Strong Reject	Strong Reject	Strong Reject			
"https://openreview.net/forum?id=Y_YUEEQMjQK
"	Weak Accept	Weak Accept	Strong Accept	Strong Accept		
"https://openreview.net/forum?id=BS0taHXxTvb
"	Weak Reject	Weak Accept	Weak Reject	Weak Reject		
"https://openreview.net/forum?id=v_tfPs31Lrd
"	Weak Reject	Weak Reject	Strong Reject	Weak Reject		
"https://openreview.net/forum?id=Sp59SdWfbH
"	Weak Reject	Weak Reject	Weak Reject	Weak Reject		
"https://openreview.net/forum?id=RzhhFh4rkWu
"	Weak Reject	Weak Accept	Weak Accept	Weak Reject		
"https://openreview.net/forum?id=ry4GoGZfG8O
"	Weak Reject	Strong Reject	Weak Reject	Strong Reject		
"https://openreview.net/forum?id=8CnLfA0x5cW
"	Weak Accept	Weak Reject	Weak Reject	Strong Accept		
"https://openreview.net/forum?id=qDtbMK67PJG
"	Weak Accept	Weak Accept	Strong Accept	Weak Reject		
"https://openreview.net/forum?id=cDVonF3ULTa
"	Strong Reject	Weak Accept	Weak Reject	Weak Reject		
"https://openreview.net/forum?id=1zbWQxFIU-
"	Weak Accept	Weak Accept	Weak Accept			
"https://openreview.net/forum?id=WHTrSGWEHp
"	Weak Reject	Strong Accept	Weak Reject	Weak Reject		
"https://openreview.net/forum?id=wuJZBrIRI_
"	Strong Accept	Strong Reject	Weak Accept	Weak Reject		
"https://openreview.net/forum?id=Dj_BJsv1qwJ
"	Weak Reject	Weak Accept	Weak Reject	Strong Reject		
"https://openreview.net/forum?id=FHrbGkGo4J
"	Weak Reject	Strong Reject	Strong Reject	Strong Reject		
"https://openreview.net/forum?id=jYJ2m_nMbfe
"	Weak Accept	Weak Accept	Weak Reject	Strong Reject		
"https://openreview.net/forum?id=h0Yb0U_-Tki
"	Weak Accept	Strong Accept	Weak Accept			
"https://openreview.net/forum?id=h9Kkmu9bc0
"	Weak Reject	Weak Reject	Weak Accept	Weak Accept		
"https://openreview.net/forum?id=V3Mjpi4kzdn
"	Weak Accept	Weak Accept	Weak Reject	Weak Reject		
"https://openreview.net/forum?id=hnpQ4nWR67y
"	Weak Reject	Weak Reject	Weak Accept	Weak Reject		
"https://openreview.net/forum?id=DhajqDr2W3J
"	Weak Reject	Weak Accept	Weak Reject	Weak Accept		
"https://openreview.net/forum?id=xtLoKeNdW87
"	Weak Reject	Weak Reject	Strong Reject	Weak Reject		
"https://openreview.net/forum?id=oXYec5xcAlE
"	Strong Reject	Strong Accept	Weak Reject	Weak Reject		
"https://openreview.net/forum?id=tGbpgz6yOrI
"	Strong Reject	Weak Reject	Strong Accept			
"https://openreview.net/forum?id=v1nkAS2wB9L
"	Weak Reject	Weak Reject	Weak Reject	Weak Reject		
"https://openreview.net/forum?id=52c5e73SlS2
"	Weak Accept	Weak Reject	Weak Accept	Weak Reject		
"https://openreview.net/forum?id=xjTUxBfIzE
"	Weak Accept	Weak Reject	Weak Accept	Strong Accept		
"https://openreview.net/forum?id=G20U2zKcjN
"	Strong Reject	Strong Reject	Weak Accept			
"https://openreview.net/forum?id=ZUtgUA0Fuwd
"	Strong Accept	Weak Accept	Strong Accept	Weak Accept		
"https://openreview.net/forum?id=dx4Vdm6tSJc
"	Weak Reject	Strong Reject	Weak Reject	Weak Accept		
"https://openreview.net/forum?id=rbIzq-I84i_
"	Weak Reject	Weak Accept	Strong Accept	Weak Accept		
"https://openreview.net/forum?id=sD1K2LJwxHr
"	Weak Reject	Weak Reject	Strong Accept	Weak Reject		
"https://openreview.net/forum?id=A5l7wE2uqtM
"	Strong Reject	Weak Reject	Weak Reject	Weak Accept		
"https://openreview.net/forum?id=uCaNr6_dQB0
"	Weak Reject	Weak Accept	Weak Accept			
"https://openreview.net/forum?id=F6iq9FU2xnc
"	Weak Accept	Weak Accept	Weak Reject	Weak Accept		
"https://openreview.net/forum?id=3ML_pM7slaq
"	Strong Reject	Weak Reject	Weak Reject	Strong Accept		
"https://openreview.net/forum?id=EMQcm9fH5t2
"	Strong Reject	Strong Reject	Strong Reject	Strong Reject		
"https://openreview.net/forum?id=FwWkmn5Uhj-
"	Strong Reject	Weak Reject	Weak Accept	Weak Reject		
"https://openreview.net/forum?id=tyXMrpEMkDb
"	Weak Reject	Weak Accept	Weak Accept	Weak Reject		
"https://openreview.net/forum?id=uxvQLjA24OY
"	Weak Reject	Weak Reject	Weak Reject	Weak Accept		
"https://openreview.net/forum?id=SR2tBZW7ES
"	Weak Reject	Weak Reject	Weak Reject	Weak Reject		
"https://openreview.net/forum?id=5GJ-_KMLASa
"	Weak Accept	Strong Accept	Weak Reject	Weak Accept		
"https://openreview.net/forum?id=80vpxjt3vq
"	Strong Reject	Weak Accept	Strong Accept	Weak Accept		
"https://openreview.net/forum?id=lLq09gVoaTE
"	Weak Accept	Strong Accept	Strong Accept	Weak Reject		
"https://openreview.net/forum?id=E_zZkmGbF2J
"	Weak Reject	Strong Accept	Strong Reject	Weak Reject		
"https://openreview.net/forum?id=iVxy2eO601U
"	Weak Accept	Weak Reject	Weak Reject	Weak Accept		
"https://openreview.net/forum?id=wwEmp8EeFu5
"	Weak Reject	Weak Accept	Weak Reject	Strong Reject		
"https://openreview.net/forum?id=Vx55vIOsshi
"	Weak Accept	Weak Reject	Weak Accept	Strong Reject		
"https://openreview.net/forum?id=gOW9pdOeqUc
"	Weak Reject	Weak Reject	Weak Accept			
"https://openreview.net/forum?id=7CrXRhmzVVR
"	Weak Accept	Weak Reject	Weak Reject	Weak Reject		
"https://openreview.net/forum?id=rniPWlLN8S
"	Weak Accept	Weak Reject	Weak Reject	Weak Reject		
"https://openreview.net/forum?id=xK-UtqDpD7L
"	Weak Accept	Strong Accept				
"https://openreview.net/forum?id=N8H4OPM0xh5
"	Weak Reject	Strong Reject	Weak Reject	Weak Accept		
"https://openreview.net/forum?id=7I1M1C7oCzy
"	Weak Accept	Weak Reject	Weak Accept	Weak Accept		
"https://openreview.net/forum?id=OGUD2AGR_ZY
"	Weak Reject	Weak Accept	Weak Reject	Weak Reject		
"https://openreview.net/forum?id=bJS2fBkFZ-K
"	Weak Accept	Weak Accept	Weak Accept	Weak Reject		
"https://openreview.net/forum?id=7RyzGWLk79H
"	Weak Accept	Strong Accept	Weak Accept	Weak Reject		
"https://openreview.net/forum?id=WgINXAx_d5
"	Weak Reject	Weak Reject	Strong Reject			
"https://openreview.net/forum?id=8GINrqUS9h_
"	Weak Accept	Strong Reject	Weak Accept			
"https://openreview.net/forum?id=tiPHpS4eA4
"	Weak Reject	Weak Accept	Weak Accept			
"https://openreview.net/forum?id=SM70KHTBG-0
"	Weak Reject	Weak Accept	Weak Reject			
"https://openreview.net/forum?id=gUtbYFHluAg
"	Weak Reject	Weak Reject	Strong Reject	Weak Accept		
"https://openreview.net/forum?id=s1MUeNQJ0tU
"	Weak Reject	Weak Accept	Strong Reject	Weak Reject		
"https://openreview.net/forum?id=mZRSrN499LP
"	Strong Reject	Weak Accept	Weak Reject			
"https://openreview.net/forum?id=dlVPggCUk7W
"	Strong Reject	Weak Accept	Weak Reject	Weak Reject		
"https://openreview.net/forum?id=7nrjRHvCnif
"	Weak Reject	Weak Reject	Weak Reject	Weak Accept		
"https://openreview.net/forum?id=b1zMsZuzd2e
"	Weak Accept	Weak Accept	Weak Reject	Weak Reject		
"https://openreview.net/forum?id=QKpXDGfS5Nx
"	Weak Reject	Weak Reject	Strong Reject			
"https://openreview.net/forum?id=ViYLaruFwN3
"	Weak Reject	Weak Reject	Weak Reject	Weak Accept		
"https://openreview.net/forum?id=vA7UCJFIa8I
"	Weak Reject	Weak Accept	Weak Accept	Strong Reject		
"https://openreview.net/forum?id=7f3Vo1iguhA
"	Weak Accept	Weak Reject	Weak Reject	Strong Reject		
"https://openreview.net/forum?id=kBJuEGuaFqB
"	Weak Reject	Weak Reject	Strong Reject	Weak Reject		
"https://openreview.net/forum?id=Mp3Y5jd7rnW
"	Weak Accept	Strong Reject	Strong Accept	Strong Accept		
"https://openreview.net/forum?id=oPRhm0Aben_
"	Weak Accept	Weak Reject	Weak Accept			
"https://openreview.net/forum?id=h0dnKFJ2YZD
"	Weak Reject	Strong Reject	Weak Reject	Weak Reject		
"https://openreview.net/forum?id=GTyBkq36tjx
"	Strong Accept	Weak Reject	Weak Reject	Weak Accept		
"https://openreview.net/forum?id=AdFROt9BoqE
"	Weak Accept	Weak Accept	Weak Accept	Weak Accept		
"https://openreview.net/forum?id=uv1nRhayFII
"	Weak Accept	Weak Reject	Weak Accept	Weak Reject		
"https://openreview.net/forum?id=zldI4UpuG7v
"	Strong Accept	Strong Accept	Strong Accept	Weak Accept		
"https://openreview.net/forum?id=nPw7jaGBrCG
"	Weak Accept	Weak Reject	Weak Reject	Weak Accept		
"https://openreview.net/forum?id=uwHXzgdqMw
"	Weak Accept	Weak Accept	Weak Reject	Weak Reject		
"https://openreview.net/forum?id=cENbs-cK3pE
"	Weak Accept	Weak Reject	Weak Reject	Weak Reject		
"https://openreview.net/forum?id=7ZcePvChS7u
"	Weak Accept	Weak Accept	Weak Reject			
"https://openreview.net/forum?id=DLkubm-dq-y
"	Weak Reject	Weak Accept	Weak Accept	Weak Accept		
"https://openreview.net/forum?id=3sv2iKgfIll
"	Weak Reject	Strong Reject	Weak Reject	Weak Reject		
"https://openreview.net/forum?id=uhIfIEIiWm_
"	Weak Reject	Weak Accept	Weak Reject	Weak Accept		
"https://openreview.net/forum?id=ZJYbW8Cwys
"	Weak Accept	Weak Reject	Weak Accept			
"https://openreview.net/forum?id=ebaabNJxS9
"	Weak Reject	Strong Reject	Weak Reject	Weak Reject		
"https://openreview.net/forum?id=KwdUWypQ5gC
"	Weak Accept	Weak Reject	Weak Accept	Weak Reject		
"https://openreview.net/forum?id=nPNy30Z64sF
"	Weak Accept	Strong Accept	Weak Reject	Weak Reject		
"https://openreview.net/forum?id=J0y1Woz8HF0
"	Weak Reject	Weak Reject	Strong Reject			
"https://openreview.net/forum?id=ZL2keFk7WXJ
"	Weak Accept	Weak Reject	Strong Accept	Weak Accept		
"https://openreview.net/forum?id=jaYU8eB7Ww5
"	Weak Accept	Weak Reject	Weak Reject	Weak Accept		
"https://openreview.net/forum?id=Q_z3M7bQQCh
"	Strong Reject	Weak Reject	Strong Reject	Weak Reject		
"https://openreview.net/forum?id=Xo3eOibXCQ8
"	Weak Reject	Weak Reject	Strong Accept	Weak Reject		
"https://openreview.net/forum?id=sygvGP-YLfx
"	Strong Reject	Weak Accept	Strong Accept	Weak Accept		
"https://openreview.net/forum?id=JWROnOf4w-K
"	Strong Accept	Weak Accept	Strong Reject	Strong Accept		
"https://openreview.net/forum?id=K0gW0A6gi7G
"	Weak Reject	Weak Accept	Weak Reject			
"https://openreview.net/forum?id=CC4JMO4dzg
"	Weak Accept	Weak Accept	Strong Accept	Weak Reject		
"https://openreview.net/forum?id=Lq5Wm9Ux-2a
"	Weak Reject	Weak Accept	Strong Reject	Weak Accept		
"https://openreview.net/forum?id=lb7B5Rw7tjw
"	Weak Reject	Weak Accept	Weak Reject	Strong Accept		
"https://openreview.net/forum?id=eIhYNMtrKHS
"	Weak Accept	Weak Accept	Weak Reject	Strong Reject		
"https://openreview.net/forum?id=00OqOl4txhe
"	Strong Accept	Weak Reject	Strong Reject	Strong Accept		
"https://openreview.net/forum?id=wyCdmAJJY1F
"	Weak Accept	Strong Accept	Weak Reject	Weak Reject		
"https://openreview.net/forum?id=uA7HmUeDAIN
"	Strong Reject	Weak Reject	Strong Reject	Strong Reject	Weak Accept	
"https://openreview.net/forum?id=9hdJSUpb1wb
"	Weak Reject	Weak Reject	Weak Reject	Weak Reject		
"https://openreview.net/forum?id=r-w9Wh-QVnH
"	Weak Accept	Strong Accept	Weak Accept	Strong Accept		
"https://openreview.net/forum?id=kxkTfnvRwf
"	Weak Reject	Weak Reject	Weak Reject	Weak Reject		
"https://openreview.net/forum?id=VDj-mB1L7B4
"	Weak Reject	Weak Reject	Strong Reject	Weak Reject		
"https://openreview.net/forum?id=KWCZfuqshd
"	Strong Accept	Weak Accept	Strong Accept	Weak Accept		
"https://openreview.net/forum?id=Bb61YxpUbX5
"	Weak Accept	Weak Accept	Weak Reject	Strong Reject		
"https://openreview.net/forum?id=xX1HGRD7LR9
"	Weak Reject	Weak Reject	Weak Reject			
"https://openreview.net/forum?id=p6CWf6lE_1I
"	Weak Accept	Weak Reject	Strong Accept	Weak Reject		
"https://openreview.net/forum?id=TwgM21gsfe
"	Strong Reject	Weak Reject	Weak Reject	Strong Reject	Strong Reject	
"https://openreview.net/forum?id=Mzqn__AxyA6
"	Weak Accept	Weak Reject	Weak Reject			
"https://openreview.net/forum?id=tEeYTA3d5N
"	Weak Reject	Strong Reject	Weak Reject	Weak Reject		
"https://openreview.net/forum?id=aKVZx6gC4fi
"	Weak Reject	Strong Accept	Strong Reject	Weak Reject		
"https://openreview.net/forum?id=AbgXkA6KPK
"	Strong Accept	Weak Reject	Weak Reject	Strong Reject		
"https://openreview.net/forum?id=SdnUNPiMWh
"	Strong Accept	Strong Reject	Weak Reject			
"https://openreview.net/forum?id=tVgD4METs6o
"	Weak Reject	Weak Accept	Weak Reject	Weak Reject	Weak Accept	
"https://openreview.net/forum?id=LunGpKUNIR
"	Weak Accept	Weak Accept	Weak Accept	Weak Accept		
"https://openreview.net/forum?id=ZkKgfCZ9T35
"	Weak Reject	Strong Reject	Weak Reject			
"https://openreview.net/forum?id=jCIskrQYT_m
"	Strong Reject	Weak Reject	Strong Reject			
"https://openreview.net/forum?id=R4Sea6x5JRZ
"	Weak Accept	Weak Reject	Weak Reject	Weak Accept		
"https://openreview.net/forum?id=JErNvd_lKHr
"	Weak Accept	Weak Reject	Weak Reject	Weak Reject		
"https://openreview.net/forum?id=XAqnnK9fy8V
"	Weak Reject	Strong Reject	Weak Accept	Strong Reject		
"https://openreview.net/forum?id=okN5yhXDeYH
"	Weak Accept	Weak Accept	Strong Reject	Weak Reject		
"https://openreview.net/forum?id=IcnTZ_p_S9
"	Strong Reject	Weak Accept	Weak Reject	Weak Reject		
"https://openreview.net/forum?id=be43Lmv7ddo
"	Weak Reject	Weak Reject	Weak Reject	Weak Reject		
"https://openreview.net/forum?id=7JVNhaMbZUu
"	Weak Accept	Weak Reject	Strong Accept	Weak Reject		
"https://openreview.net/forum?id=vyR0C7zvozS
"	Weak Accept	Weak Accept	Weak Reject	Strong Accept		
"https://openreview.net/forum?id=ZQbq63FN9y6
"	Weak Reject	Strong Reject	Weak Reject	Weak Reject		
"https://openreview.net/forum?id=pPR--ivXwPD
"	Weak Accept	Weak Accept	Weak Reject			
"https://openreview.net/forum?id=KXkzplx6H2K
"	Weak Accept	Weak Reject	Weak Accept	Weak Reject		
"https://openreview.net/forum?id=KRIyUd8-Na8
"	Weak Reject	Weak Accept	Weak Reject	Weak Reject		
"https://openreview.net/forum?id=RgJwDQwW82y
"	Weak Accept	Weak Accept	Weak Reject			
"https://openreview.net/forum?id=qUhkhHw8Dz
"	Weak Reject	Weak Accept	Weak Reject			
"https://openreview.net/forum?id=tiV4Tc47zTt
"	Strong Reject	Weak Reject	Weak Reject	Weak Reject		
"https://openreview.net/forum?id=qeuFbob4sUE
"	Weak Reject	Weak Reject	Strong Reject	Strong Reject		
"https://openreview.net/forum?id=8ck76ukgXUV
"	Weak Accept	Weak Reject	Weak Reject	Weak Reject		
"https://openreview.net/forum?id=aMWCcu1mqs9
"	Weak Accept	Weak Accept	Weak Reject	Weak Reject		
"https://openreview.net/forum?id=rJIwfTxTXvm
"	Weak Accept	Weak Accept	Weak Reject	Weak Reject		
"https://openreview.net/forum?id=hereAl1qlj4
"	Weak Reject	Strong Reject	Weak Reject	Weak Accept	Strong Reject	
"https://openreview.net/forum?id=N-MGQxCZm4m
"	Weak Reject	Strong Reject	Weak Reject	Weak Accept		
"https://openreview.net/forum?id=f_XmiyZcsjL
"	Weak Reject	Weak Reject	Weak Accept	Strong Accept		
"https://openreview.net/forum?id=iAjYLPJPlFv
"	Weak Reject	Weak Reject	Weak Accept	Weak Reject		
"https://openreview.net/forum?id=-l2IGraIadE
"	Weak Reject	Strong Reject	Weak Reject	Weak Reject		
"https://openreview.net/forum?id=_PZIOgxXJeC
"	Strong Reject	Weak Reject	Strong Reject	Strong Reject		
"https://openreview.net/forum?id=ueKhNroWzQz
"	Weak Reject	Weak Reject	Strong Reject	Weak Reject		
"https://openreview.net/forum?id=n7SU31I22a
"	Weak Reject	Weak Reject	Strong Reject	Strong Reject		
"https://openreview.net/forum?id=UW5A3SweAH
"	Strong Reject	Weak Accept	Weak Accept	Weak Reject		
"https://openreview.net/forum?id=jCysV5UJ_FF
"	Weak Reject	Weak Reject	Weak Reject	Weak Accept		
"https://openreview.net/forum?id=FeKpYVftqWm
"	Weak Reject	Weak Reject	Weak Accept			
"https://openreview.net/forum?id=Nami6yfBxGZ
"	Weak Accept	Weak Accept	Weak Reject	Strong Accept		
"https://openreview.net/forum?id=oz6GtZ83dHG
"	Weak Reject	Weak Accept	Weak Reject	Weak Reject		
"https://openreview.net/forum?id=pVSaWTgDmCu
"	Strong Accept	Weak Reject	Weak Reject	Weak Reject		
"https://openreview.net/forum?id=P9auzje_pF
"	Weak Accept	Weak Reject	Weak Reject			
"https://openreview.net/forum?id=fjPC0NLhdY1
"	Strong Reject	Strong Reject	Weak Reject	Weak Accept		
"https://openreview.net/forum?id=0NafaTEm3Td
"	Weak Accept	Strong Accept	Weak Reject	Weak Accept		
"https://openreview.net/forum?id=1H078V9ZW4m
"	Weak Reject	Weak Reject	Weak Reject			
"https://openreview.net/forum?id=SGpii42JJsX
"	Weak Reject	Weak Reject	Weak Reject	Weak Accept		
"https://openreview.net/forum?id=QgXArq7RIh
"	Weak Accept	Weak Accept	Weak Accept	Weak Accept		
"https://openreview.net/forum?id=bUUf1CT1sNu
"	Weak Reject	Weak Accept	Weak Accept	Weak Accept		
"https://openreview.net/forum?id=J2lnOdnLSnA
"	Weak Reject	Weak Reject	Weak Reject	Weak Reject		
"https://openreview.net/forum?id=KDuBFXyRuE-
"	Weak Accept	Strong Accept	Weak Accept	Strong Accept		
"https://openreview.net/forum?id=OZLolYQvLUg
"	Weak Accept	Weak Reject	Weak Accept	Weak Accept		
"https://openreview.net/forum?id=YWIEKRyaR2f
"	Weak Reject	Weak Accept	Weak Reject			
"https://openreview.net/forum?id=7Nwds2LjN1s
"	Weak Accept	Weak Accept	Strong Accept	Weak Reject		
"https://openreview.net/forum?id=ndYsaoyzCWv
"	Weak Accept	Weak Accept	Strong Accept	Strong Reject		
"https://openreview.net/forum?id=cRiBnhoiQwO
"	Weak Reject	Weak Accept	Weak Reject	Weak Accept		
"https://openreview.net/forum?id=GS8xD_elvgC
"	Weak Accept	Weak Accept	Weak Reject	Strong Reject		
"https://openreview.net/forum?id=Tm94v66t0L4
"	Weak Reject	Weak Reject	Weak Reject	Weak Reject		
"https://openreview.net/forum?id=Epy0T6Pkyzh
"	Strong Reject	Weak Reject	Strong Reject			
"https://openreview.net/forum?id=qUvTmyGpnm7
"	Weak Reject	Weak Accept	Weak Accept	Weak Reject		
"https://openreview.net/forum?id=uPWhEXjyvoo
"	Weak Accept	Weak Reject	Strong Reject	Weak Reject		
"https://openreview.net/forum?id=VXzSytdYzQr
"	Strong Reject	Strong Reject	Weak Accept	Weak Reject		
"https://openreview.net/forum?id=N-HtsQkRotI
"	Weak Reject	Weak Reject	Weak Accept			
"https://openreview.net/forum?id=PS_eCS_WCvD
"	Weak Accept	Weak Accept	Weak Accept	Weak Accept		
"https://openreview.net/forum?id=nDpsOyCzBkI
"	Strong Reject	Strong Reject	Weak Reject			
"https://openreview.net/forum?id=WbdaYyDkNZL
"	Weak Reject	Weak Accept	Weak Accept	Weak Accept		
"https://openreview.net/forum?id=VHia4Cint7
"	Weak Reject	Weak Reject	Weak Accept	Weak Reject		
"https://openreview.net/forum?id=qaqhxXHqFhZ
"	Weak Reject	Strong Reject	Weak Accept	Weak Reject		
"https://openreview.net/forum?id=024pDrCFslj
"	Weak Reject	Weak Reject	Strong Reject	Weak Reject		
"https://openreview.net/forum?id=TUXBIfdZWG
"	Strong Reject	Strong Accept	Weak Accept	Weak Reject		
"https://openreview.net/forum?id=Y7xQsyGEQ0C
"	Weak Reject	Weak Reject	Weak Reject	Weak Accept		
"https://openreview.net/forum?id=UWTP_JvSug
"	Weak Accept	Weak Accept	Weak Accept	Weak Accept		
"https://openreview.net/forum?id=eyxfGTFZbNQ
"	Weak Reject	Weak Reject	Strong Accept	Weak Reject		
"https://openreview.net/forum?id=1RJxKxjvlot
"	Weak Accept	Strong Reject	Strong Reject	Weak Accept		
"https://openreview.net/forum?id=Cmplgzpksm
"	Strong Reject	Weak Reject	Weak Reject			
"https://openreview.net/forum?id=K8W6ObPZQyh
"	Weak Accept	Weak Accept	Weak Accept			
"https://openreview.net/forum?id=tODDlYYHGA
"	Weak Reject	Weak Reject	Weak Reject	Weak Reject		
"https://openreview.net/forum?id=X1mHeGGiQhF
"	Weak Reject	Weak Accept	Weak Reject	Weak Reject		
"https://openreview.net/forum?id=bX4p7vUHFbB
"	Weak Accept	Weak Accept	Weak Accept	Weak Reject		
"https://openreview.net/forum?id=abd_D-iVjk0
"	Weak Accept	Strong Accept	Weak Accept			
"https://openreview.net/forum?id=Ef7xodOrgNW
"	Weak Reject	Weak Accept	Weak Reject	Weak Reject		
"https://openreview.net/forum?id=nBnHXevkjZ
"	Weak Reject	Weak Accept	Weak Accept	Weak Accept		
"https://openreview.net/forum?id=IFrIuJsfrab
"	Strong Reject	Strong Reject	Strong Reject	Weak Accept		
"https://openreview.net/forum?id=VSsM5pnKSdb
"	Weak Reject	Weak Reject	Strong Reject			
"https://openreview.net/forum?id=u4QXJbcvx8u
"	Weak Reject	Weak Reject	Weak Reject	Weak Reject		
"https://openreview.net/forum?id=gjw34rt7GcS
"	Strong Reject	Weak Accept	Weak Reject	Weak Reject		
"https://openreview.net/forum?id=xC-68ANJeK_
"	Weak Reject	Weak Accept	Weak Reject			
"https://openreview.net/forum?id=vCYsBwILD3-
"	Weak Reject	Weak Reject	Weak Reject			
"https://openreview.net/forum?id=GvXpFS-BxHa
"	Weak Accept	Strong Accept	Weak Reject	Strong Reject		
"https://openreview.net/forum?id=Xux9gSS7WE0
"	Weak Reject	Weak Accept	Weak Accept	Weak Reject		
"https://openreview.net/forum?id=gJhuiYQ6VGJ
"	Weak Reject	Weak Accept	Weak Accept	Strong Reject		
"https://openreview.net/forum?id=1ztA9XlYYU
"	Weak Accept	Weak Accept	Weak Accept	Weak Reject		
"https://openreview.net/forum?id=fXMV2CEwNVo
"	Strong Accept	Weak Accept	Weak Reject	Weak Reject		
"https://openreview.net/forum?id=S3I8riTB7oU
"	Weak Accept	Weak Reject	Weak Reject	Weak Reject		
"https://openreview.net/forum?id=1vV0JRA2HY0
"	Strong Reject	Weak Accept	Weak Accept	Weak Reject		
"https://openreview.net/forum?id=SrSCqW4dq9
"	Weak Reject	Strong Accept	Weak Accept	Weak Accept		
"https://openreview.net/forum?id=TAgVKiF2O8p
"	Weak Reject	Weak Accept	Weak Reject	Strong Accept		
"https://openreview.net/forum?id=x6INXlnUGro
"	Weak Accept	Weak Accept	Weak Accept	Strong Accept		
"https://openreview.net/forum?id=PBl_73JIiDf
"	Strong Reject	Weak Accept	Strong Reject	Strong Reject		
"https://openreview.net/forum?id=IKC5TfXLuW0
"	Weak Accept	Weak Accept	Weak Reject	Strong Reject		
"https://openreview.net/forum?id=t-IO7wCaNgH
"	Strong Accept	Strong Accept	Weak Accept	Weak Reject		
"https://openreview.net/forum?id=WkbvHMQL6uJ
"	Weak Accept	Weak Accept	Strong Accept	Weak Reject		
"https://openreview.net/forum?id=8tmKW-NG2bH
"	Weak Accept	Weak Accept	Weak Reject	Weak Accept		
"https://openreview.net/forum?id=GeM6VUwYinO
"	Weak Reject	Strong Accept	Weak Accept	Weak Reject		
"https://openreview.net/forum?id=X4228W0QpvN
"	Weak Accept	Strong Reject	Weak Accept	Weak Reject		
"https://openreview.net/forum?id=NU7-3k2soNj
"	Weak Reject	Weak Accept	Weak Reject	Weak Accept		
"https://openreview.net/forum?id=vY3ORt0sw6E
"	Weak Accept	Weak Reject	Weak Reject	Weak Reject		
"https://openreview.net/forum?id=RpBdRBNAfJP
"	Weak Reject	Weak Reject	Weak Reject	Strong Reject		
"https://openreview.net/forum?id=uhhA2OryTjj
"	Weak Accept	Weak Reject	Strong Accept	Weak Accept		
"https://openreview.net/forum?id=MUcBYHjzqp7
"	Weak Accept	Weak Accept	Weak Accept	Weak Accept		
"https://openreview.net/forum?id=Bxr45keYrf
"	Strong Accept	Weak Accept	Weak Accept			
"https://openreview.net/forum?id=cAIIbdNAeNa
"	Weak Accept	Weak Accept	Weak Accept	Weak Accept		
"https://openreview.net/forum?id=ft8IeFe4-8e
"	Weak Accept	Weak Accept	Weak Accept	Weak Accept		
"https://openreview.net/forum?id=qCTB59YJwpJ
"	Strong Reject	Weak Reject	Weak Accept			
"https://openreview.net/forum?id=eI8CZ2s267o
"	Weak Reject	Weak Reject	Weak Accept	Weak Reject		
"https://openreview.net/forum?id=hW0tcXOJas2
"	Weak Reject	Weak Accept	Weak Accept	Weak Reject		
"https://openreview.net/forum?id=KM7POsgn-wK
"	Weak Reject	Strong Reject	Weak Reject	Weak Reject		
"https://openreview.net/forum?id=LUSm8m-vnNy
"	Weak Reject	Weak Reject	Weak Reject	Weak Reject		
"https://openreview.net/forum?id=yPJ9A0GWLg0
"	Weak Accept	Weak Reject	Weak Accept	Strong Accept		
"https://openreview.net/forum?id=vsEqPwewR-B
"	Weak Reject	Strong Reject	Weak Reject	Weak Reject		
"https://openreview.net/forum?id=1J0mfnHNc0A
"	Weak Accept	Weak Reject	Weak Reject	Weak Accept		
"https://openreview.net/forum?id=HbGgF93Ppoy
"	Weak Accept	Weak Reject	Weak Accept	Strong Accept		
"https://openreview.net/forum?id=eP_N6U1idxl
"	Weak Accept	Weak Reject	Weak Reject	Weak Reject		
"https://openreview.net/forum?id=3OknszYFDhA
"	Weak Reject	Weak Accept	Strong Reject	Strong Reject		
"https://openreview.net/forum?id=2jY-7MJAkW9
"	Strong Reject	Weak Accept	Weak Accept	Strong Reject		
"https://openreview.net/forum?id=0qHKr8DYE1K
"	Weak Reject	Strong Reject	Strong Reject	Weak Reject		
"https://openreview.net/forum?id=c1QZRn7TJ0p
"	Strong Reject	Strong Reject	Weak Reject	Weak Reject		
"https://openreview.net/forum?id=DB6AS6TS6jF
"	Weak Reject	Weak Accept	Weak Reject			
"https://openreview.net/forum?id=oZ98Ai1Py1T
"	Weak Accept	Weak Reject	Weak Reject	Weak Accept		
"https://openreview.net/forum?id=JqqSTgdQ85F
"	Weak Reject	Weak Reject	Weak Accept	Weak Accept		
"https://openreview.net/forum?id=s6NEzqZKaP-
"	Strong Accept	Weak Accept	Strong Accept	Weak Accept		
"https://openreview.net/forum?id=3R3Pz5i0tye
"	Weak Reject	Weak Accept	Weak Accept			
"https://openreview.net/forum?id=1Pt2FM5BLdi
"	Weak Accept	Weak Reject	Weak Accept	Weak Accept		
"https://openreview.net/forum?id=i8JihKIfsJK
"	Weak Reject	Strong Reject	Strong Reject	Strong Reject		
"https://openreview.net/forum?id=fsDSV4wZGMn
"	Weak Reject	Weak Reject	Weak Reject	Weak Reject		
"https://openreview.net/forum?id=iM932PeUi_7
"	Weak Accept	Strong Reject	Weak Accept	Weak Accept		
"https://openreview.net/forum?id=No3mbanRlZJ
"	Weak Accept	Strong Accept	Strong Reject	Weak Accept		
"https://openreview.net/forum?id=-8Kt5J-9AI
"	Weak Accept	Weak Accept	Weak Accept	Weak Accept		
"https://openreview.net/forum?id=N8CftxAVYf
"	Weak Reject	Weak Accept	Weak Reject	Strong Reject		
"https://openreview.net/forum?id=Y42uoIekm5b
"	Weak Reject	Weak Accept	Weak Accept	Weak Reject		
"https://openreview.net/forum?id=Ag-vOezQ0Gw
"	Weak Accept	Weak Reject	Weak Accept			
"https://openreview.net/forum?id=LXYu_uP_f6X
"	Strong Reject	Weak Reject	Weak Accept			
"https://openreview.net/forum?id=Eal_lL08v_l
"	Weak Accept	Weak Reject	Strong Accept	Weak Accept		
"https://openreview.net/forum?id=2oUKcNs-BKH
"	Weak Reject	Weak Reject	Weak Accept	Weak Reject		
"https://openreview.net/forum?id=QkuuQgsyIDY
"	Weak Reject	Strong Reject	Weak Accept	Strong Reject		
"https://openreview.net/forum?id=MZRutW0HRFR
"	Weak Reject	Strong Reject	Strong Reject			
"https://openreview.net/forum?id=9TBSKDhsMwK
"	Weak Accept	Weak Accept	Weak Reject	Weak Reject		
"https://openreview.net/forum?id=iRabxvK3j0
"	Weak Accept	Weak Reject	Weak Reject			
"https://openreview.net/forum?id=2GeI47XPdc7
"	Weak Reject	Strong Reject	Weak Reject	Weak Accept		
"https://openreview.net/forum?id=teEnA3L4aRe
"	Weak Accept	Weak Reject	Weak Accept	Strong Accept		
"https://openreview.net/forum?id=GG7MkLlxvGB
"	Strong Reject	Weak Reject	Weak Accept			
"https://openreview.net/forum?id=MoSC0pziRd
"	Weak Accept	Weak Accept	Weak Accept	Weak Accept		
"https://openreview.net/forum?id=JpstZ8t3rfl
"	Weak Reject	Weak Reject	Weak Reject	Weak Accept		
"https://openreview.net/forum?id=2gfB_kMVFvP
"	Weak Reject	Weak Reject	Weak Accept	Weak Accept		
"https://openreview.net/forum?id=UENnp1bLDmb
"	Weak Reject	Weak Accept	Strong Reject	Strong Reject		
"https://openreview.net/forum?id=Bf6on28H0Jv
"	Weak Reject	Weak Accept	Weak Accept	Weak Reject	Weak Accept	
"https://openreview.net/forum?id=JtK7F6D8t-3
"	Weak Accept	Weak Reject	Strong Accept	Weak Accept		
